Model,Type
toyata,manual
mercedes,automatic
bmw,automatic
audi,automatic
honda,automatic
hyundai,manual
tofaş,manual
toyata,manual
toyata,manual
toyata,automatic
mercedes,manual
mercedes,manual
mercedes,manual
mercedes,automatic
mercedes,automatic
mercedes,automatic
mercedes,automatic
mercedes,manual
mercedes,manual
bmw,manual
bmw,manual
bmw,manual
bmw,automatic
bmw,automatic
honda,automatic
honda,automatic
honda,automatic
honda,manual
honda,manual
hyundai,manual
hyundai,manual
hyundai,automatic
hyundai,automatic
tofaş,manual
tofaş,manual
tofaş,manual
tofaş,manual
audi,automatic
audi,automatic
audi,automatic
audi,automatic
audi,automatic
audi,automatic
